ID,Direction,Latitude,Longitude,Station,Material,Li7,Cr52,Co59,Ni60,Cu65,Zn66,Cd111,Pb208,Fe 238.204,Fe 259.941,Fe,Al 167.078,MPI
BL-N A-1,North,-5.045833333,119.3291667,A,Sediment,1.238,6.576,0.812,7.329,15.786,59.286,0.106,17.739,10015.5,9998.5,15014.8,NA,10.2782183408825
BL-N A-2,North,-5.045833333,119.3291667,A,Sediment,2.104,14.027,3.931,18.369,35.336,84.006,0.133,32.592,29365,29433.5,44081.75,NA,22.0030629003104
BL-N A-3,North,-5.045833333,119.3291667,A,Sediment,2.104,8.082,1.003,10.405,31.718,76.554,0.175,59.356,5656,5773,8542.5,NA,14.9909750956461
BL-N B-1,North,-5.045694444,119.3290972,B,Sediment,2.79,7.754,0.615,9.385,21.342,62.663,0.125,12.158,2197.5,2230.5,3312.8,NA,9.80905996641796
BL-N B-2,North,-5.045694444,119.3290972,B,Sediment,1.881,6.029,0.571,5.918,19.157,41.491,0.133,15.203,2772.5,2743,4144,NA,8.59217325931967
BL-N B-3,North,-5.045694444,119.3290972,B,Sediment,2.763,8.108,0.787,8.649,17.101,36.593,0.142,11.358,6985.5,6825.5,10398.3,NA,10.5363325913588
BL-N B-1 EA,North,-5.045694444,119.3290972,B,Enhalus acoroides,0.25,0.721,0.558,1.388,74.176,57.857,0.082,1.919,220,217,328.5,99,4.45305198875237
BL-N B-2 EA,North,-5.045694444,119.3290972,B,Enhalus acoroides,0.2,0.371,0.506,1.571,9.078,36.457,0.058,1.792,166,166,249,72.91,2.86170864713908
BL-N B-3 EA,North,-5.045694444,119.3290972,B,Enhalus acoroides,0.368,0.873,0.436,1.037,11.301,68.967,0.107,3.097,305,311,460.5,192,4.48821999743582
BL-N B-4 EA,North,-5.045694444,119.3290972,B,Enhalus acoroides,0.262,0.856,0.529,1.751,10.089,69.279,0.366,5.627,400,404,602,179.93,5.63692774261458
BL-N B-5 EA,North,-5.045694444,119.3290972,B,Enhalus acoroides,0.218,0.675,0.303,1.162,7.476,55.703,0.073,2.848,377,370,562,138,3.5821479146072
BL-N B-6 EA,North,-5.045694444,119.3290972,B,Enhalus acoroides,0.262,0.776,0.461,1.301,7.99,55.155,0.07,2.593,340,338,509,139,3.83610604454694
BL-N B-1 TH,North,-5.045694444,119.3290972,B,Thalassia hemprichii,0.102,0.484,0.603,4.199,26.51,58.532,0.269,4.003,232,232,348,85.56,4.7793624835359
BL-N B-2 TH,North,-5.045694444,119.3290972,B,Thalassia hemprichii,0.081,0.68,0.891,4.194,10.191,53.277,0.062,2.476,261,257,389.5,79,3.73467961231335
BL-N B-3 TH,North,-5.045694444,119.3290972,B,Thalassia hemprichii,0.072,0.441,0.967,4.358,8.619,51.29,0.06,2.441,267,267,400.5,91.38,3.54907115823767
BL-N B-4 TH,North,-5.045694444,119.3290972,B,Thalassia hemprichii,0.118,0.686,0.626,3.301,10.236,56.376,0.072,3.175,292,293,438.5,104,3.98357472259147
BL-N B-5 TH,North,-5.045694444,119.3290972,B,Thalassia hemprichii,0.13,0.528,0.608,3.704,9.16,47.663,0.4,5.1,245,246,368,91.74,4.64222878515915
BL-N B-6 TH,North,-5.045694444,119.3290972,B,Thalassia hemprichii,0.095,0.493,0.536,3.027,7.515,33.23,0.047,2.065,206,206,309,67,2.87161243796214
BL-N C-3,North,-5.045555556,119.3290278,C,Sediment,1.479,4.967,0.436,8.109,5.196,11.169,0.082,4.599,849,856,1277,NA,4.47927291398143
BL-N 1-1,North,-5.045416667,119.32875,D,Sediment,1.53,4.939,0.343,8.384,2.6,4.305,0.095,2.703,779,777,1167.5,NA,3.46989668015197
BL-N 1-2,North,-5.045416667,119.32875,D,Sediment,2.645,6.626,0.4,8.902,3.822,5.821,0.108,2.297,791,786,1184,NA,4.20129589134163
BL-N 1-1 EA,North,-5.045416667,119.32875,D,Enhalus acoroides,0.195,0.522,0.222,0.951,5.395,36.811,0.312,0.75,175,176,263,145.75,2.8727562882918
BL-N 1-2 EA,North,-5.045416667,119.32875,D,Enhalus acoroides,0.037,0.125,0.094,0.761,1.11,8.261,0.089,0.064,173,178,262,138.04,0.954081790642507
BL-N 1-3 EA,North,-5.045416667,119.32875,D,Enhalus acoroides,0.163,0.526,0.308,1.208,4.257,32.186,0.118,0.636,171,174,258,137.79,2.55078478924379
BL-N 1-4 EA,North,-5.045416667,119.32875,D,Enhalus acoroides,0.155,0.694,0.315,1.491,4.416,33.772,0.063,0.599,141,143,212.5,72.75,2.31367551991414
BL-N 1-5 EA,North,-5.045416667,119.32875,D,Enhalus acoroides,0.19,0.33,0.208,1.088,4.373,35.328,0.118,0.577,128,130,193,95.75,2.20831601097589
BL-N 1-6 EA,North,-5.045416667,119.32875,D,Enhalus acoroides,0.182,0.43,0.293,1.15,4.446,39.152,0.119,0.723,159,159,238.5,113.98,2.52978201626741
BL-N 1-1 TH,North,-5.045416667,119.32875,D,Thalassia hemprichii,0.079,0.544,0.52,4.854,7.587,57.789,1040.722,0.762,153,157,231.5,73.94,7.60320065119657
BL-N 1-2 TH,North,-5.045416667,119.32875,D,Thalassia hemprichii,967.315,0.657,0.374,2.819,8.305,49.244,0.198,0.596,126,128,190,63.95,7.23485535731005
BL-N 1-3 TH,North,-5.045416667,119.32875,D,Thalassia hemprichii,0.102,0.601,0.411,4.085,6.724,38.144,0.311,0.716,157,157,235.5,80.5,3.1967028395377
BL-N 1-4 TH,North,-5.045416667,119.32875,D,Thalassia hemprichii,0.03,0.218,0.193,1.319,2.286,16.451,0.114,0.247,91,95,138.5,44.58,1.26964995713985
BL-N 1-5 TH,North,-5.045416667,119.32875,D,Thalassia hemprichii,0.087,0.475,0.386,3.2,6.583,57.909,0.124,0.799,156,154,233,77.37,2.84512731266219
BL-N 1-6 TH,North,-5.045416667,119.32875,D,Thalassia hemprichii,0.092,0.441,0.443,3.443,5.662,64.495,0.135,0.778,147,146,220,79.76,2.89706625133629
BL-N 2-1,North,-5.044444444,119.3277778,E,Sediment,1.788,4.559,0.289,7.335,0.818,0.982,0.08,0.707,501.5,512,757.5,NA,2.03354906406745
BL-N 2-2,North,-5.044444444,119.3277778,E,Sediment,1.506,4.073,0.268,7.019,0.749,0.88,0.074,0.927,475,474.5,712.25,NA,1.93002075796475
BL-N 2-3,North,-5.044444444,119.3277778,E,Sediment,1.444,3.671,0.283,6.355,0.81,0.945,0.082,0.759,430,435,647.5,NA,1.88050276964398
BL-N 2-1 EA,North,-5.044444444,119.3277778,E,Enhalus acoroides,0.112,2.032,0.137,1.326,2.512,58.893,0.314,0.332,140,141,210.5,75.97,2.51677915836937
BL-N 2-2 EA,North,-5.044444444,119.3277778,E,Enhalus acoroides,0.146,0.439,0.134,0.972,2.249,34.269,0.126,0.164,86,88,130,31.54,1.4915914184382
BL-N 2-3 EA,North,-5.044444444,119.3277778,E,Enhalus acoroides,0.12,0.659,0.203,1.194,2.788,25.669,0.102,0.346,96,100,146,40.89,1.76234730270075
BL-N 2-4 EA,North,-5.044444444,119.3277778,E,Enhalus acoroides,0.123,0.461,0.1,0.944,2.478,32.724,0.321,0.17,98,99,147.5,30.56,1.59530785694819
BL-N 2-5 EA,North,-5.044444444,119.3277778,E,Enhalus acoroides,0.149,0.401,0.146,0.849,2.168,34.756,0.154,0.165,91,96,139,37.14,1.53622264213851
BL-N 2-6 EA,North,-5.044444444,119.3277778,E,Enhalus acoroides,0.102,0.535,0.191,1.398,3.409,29.843,0.169,0.262,89,91,134.5,35.6,1.77718412461818
BL-N 2-1 TH,North,-5.044444444,119.3277778,E,Thalassia hemprichii,0.08,0.653,0.323,3.325,2.912,61.581,0.292,0.344,118,124,180,48.14,2.47876601586919
BL-N 2-2 TH,North,-5.044444444,119.3277778,E,Thalassia hemprichii,0.096,0.772,0.395,3.615,3.437,38.114,0.502,0.413,130,134,197,64.97,2.86133749181165
BL-N 2-3 TH,North,-5.044444444,119.3277778,E,Thalassia hemprichii,0.134,2.026,0.369,3.409,15.721,41.683,0.189,2.097,338,339,507.5,176.26,4.89720945133557
BL-N 2-4 TH,North,-5.044444444,119.3277778,E,Thalassia hemprichii,0.106,0.563,0.284,2.881,4.074,30.671,0.465,0.254,160,165,242.5,91.28,2.6319636460306
BL-N 2-5 TH,North,-5.044444444,119.3277778,E,Thalassia hemprichii,0.093,0.533,2583.093,2.485,2.141,30.902,1925.158,2536.537,109,112,165,33.12,29.8508134312535
BL-N 2-6 TH,North,-5.044444444,119.3277778,E,Thalassia hemprichii,0.108,0.742,0.314,3.117,2.173,25.703,1.521,0.29,125,124,187,51.37,2.67215473994282
BL-N 3-1,North,-5.04375,119.3269444,F,Sediment,1.994,3.674,0.261,6.807,0.602,1.644,0.092,1.07,576.5,572,862.5,NA,2.17597748543195
BL-N 3-2,North,-5.04375,119.3269444,F,Sediment,2.473,4.617,0.343,9.368,0.356,1.489,0.086,0.662,514,515.5,771.75,NA,2.11711647592176
BL-N 3-3,North,-5.04375,119.3269444,F,Sediment,3.126,4.959,0.377,9.332,0.517,1.592,0.08,0.898,681,672.5,1017.25,NA,2.45843387984435
BL-N 3-1 EA,North,-5.04375,119.3269444,F,Enhalus acoroides,0.076,0.403,0.206,1.31,1.908,47.392,0.439,0.172,104,106,157,56.43,1.86163409022825
BL-N 3-2 EA,North,-5.04375,119.3269444,F,Enhalus acoroides,1478.313,0.624,0.264,1.399,2.768,28.303,0.403,1266.822,91,94,138,38.02,12.1738599881337
BL-N 3-3 EA,North,-5.04375,119.3269444,F,Enhalus acoroides,0.141,0.583,0.208,1.236,2.609,33.604,0.203,0.197,112,114,169,58.85,1.93527638142929
BL-N 3-4 EA,North,-5.04375,119.3269444,F,Enhalus acoroides,0.08,0.437,0.161,1.105,2.324,48.152,0.339,0.193,129,133,195.5,66.42,1.89313361595593
BL-N 3-5 EA,North,-5.04375,119.3269444,F,Enhalus acoroides,0.118,0.517,0.182,1.025,2.202,38.736,0.761,0.174,117,120,177,45.71,2.00309629801873
BL-N 3-6 EA,North,-5.04375,119.3269444,F,Enhalus acoroides,0.081,0.605,0.16,1.032,2.726,36.018,0.201,0.298,124,127,187.5,66.24,1.89304938421312
BL-N 3-1 TH,North,-5.04375,119.3269444,F,Thalassia hemprichii,0.072,0.702,0.197,2.449,2.853,62.151,1.179,0.304,139,140,209,82.02,2.76970040936874
BL-N 3-2 TH,North,-5.04375,119.3269444,F,Thalassia hemprichii,0.137,0.939,0.181,2.229,5.266,24.494,0.785,0.63,227,238,346,190.15,3.41829705287621
BL-N 3-3 TH,North,-5.04375,119.3269444,F,Thalassia hemprichii,0.106,1.525,2428.706,2.617,8.424,63.564,1.387,0.612,169,176,257,99.28,10.1767867215111
BL-N 3-4 TH,North,-5.04375,119.3269444,F,Thalassia hemprichii,0.087,1.086,0.19,2.12,3.512,35.379,0.335,0.162,137,148,211,80.71,2.31233537076587
BL-N 3-5 TH,North,-5.04375,119.3269444,F,Thalassia hemprichii,0.093,0.518,0.267,2.355,2.966,23.511,0.334,1737.968,114,117,172.5,37.34,4.89497951311314
BL-N 3-6 TH,North,-5.04375,119.3269444,F,Thalassia hemprichii,0.069,0.71,0.295,3.379,3.708,72.294,0.538,2256.414,127,133,193.5,52.96,6.62489445174266
BL-E A-1,East,-5.047847222,119.3309028,A,Sediment,2.201,7.698,1.276,10.333,10.495,64.552,0.151,15.961,7774,7911,11729.5,NA,11.7528349740853
BL-E A-2,East,-5.047847222,119.3309028,A,Sediment,1.933,7.368,1.009,9.252,10.417,110.562,0.125,13.207,8884.5,8897,13333,NA,11.4454588714975
BL-E A-3,East,-5.047847222,119.3309028,A,Sediment,1.906,7.314,1.047,9.848,10.034,70.848,0.153,18.762,11336,11484.5,17078.25,NA,11.9606351797311
BL-E B-3,East,-5.047861111,119.3309722,B,Sediment,1.35,5.425,0.657,9.014,10.367,57.769,0.183,37.294,4373,4332,6539,NA,10.1655183978467
BL-E B-1 TH,East,-5.047861111,119.3309722,B,Thalassia hemprichii,0.204,0.5,0.344,3.297,4.129,35.174,0.053,1.555,290,285,432.5,85,2.95580344116836
BL-E B-2 TH,East,-5.047861111,119.3309722,B,Thalassia hemprichii,0.15,0.658,0.447,3.851,5.67,33.508,0.052,1.591,288,285,430.5,77,3.12396900596717
BL-E B-3 TH,East,-5.047861111,119.3309722,B,Thalassia hemprichii,0.165,0.482,0.335,2.754,3.79,32.051,0.039,1.752,312,307,465.5,96,2.77639347251702
BL-E B-4 TH,East,-5.047861111,119.3309722,B,Thalassia hemprichii,0.178,0.467,0.566,3.839,5.353,45.503,0.07,1.888,241,241,361.5,65.89,3.26695877255707
BL-E B-5 TH,East,-5.047861111,119.3309722,B,Thalassia hemprichii,0.13,0.35,0.65,3.726,5.145,37.332,0.054,1.396,198,202,299,44.44,2.70792022339638
BL-E B-6 TH,East,-5.047861111,119.3309722,B,Thalassia hemprichii,0.218,0.392,0.457,2.738,5.895,31.303,0.045,1.061,206,206,309,34,2.50930081076876
BL-E C-1,East,-5.047875,119.3310417,C,Sediment,1.881,5.704,0.549,7.748,11.026,38.623,0.096,7.765,1857,1860.5,2787.25,NA,7.00053821868379
BL-E C-2,East,-5.047875,119.3310417,C,Sediment,1.706,4.268,0.426,6.644,4.509,36.176,0.082,4.819,3894,3867,5827.5,NA,5.82668893709581
BL-E C-3,East,-5.047875,119.3310417,C,Sediment,2.195,4.878,0.507,8.091,4.736,30.039,0.108,4.612,2578,2541,3848.5,NA,6.1162830670266
BL-E C-1 TH,East,-5.047875,119.3310417,C,Thalassia hemprichii,0.213,0.408,0.144,2.108,2.922,25.741,0.37,3.012,104,104,156,32.17,2.53817220669921
BL-E C-2 TH,East,-5.047875,119.3310417,C,Thalassia hemprichii,0.105,0.562,0.153,2.012,3.373,20.575,0.046,0.47,115,114,172,29,1.63432466148502
BL-E C-3 TH,East,-5.047875,119.3310417,C,Thalassia hemprichii,0.105,0.37,0.18,2.767,4.257,28.135,0.076,0.5,117,110,172,46.41,1.92617032126973
BL-E C-4 TH,East,-5.047875,119.3310417,C,Thalassia hemprichii,0.109,0.55,0.145,1.836,2.948,17.009,0.061,0.435,123,121,183.5,45,1.67644913132043
BL-E C-6 TH,East,-5.047875,119.3310417,C,Thalassia hemprichii,0.161,0.276,0.293,2.645,3.921,23.939,0.074,0.585,92,96,140,19.84,1.81534360282266
BL-E 1-1,East,-5.047888889,119.3311111,D,Sediment,2.105,4.535,0.388,9.493,2.59,12.257,0.088,2.224,815,824,1227,NA,4.00990891122984
BL-E 1-2,East,-5.047888889,119.3311111,D,Sediment,2.037,3.888,0.338,8.56,2.337,11.416,0.077,2.739,768,772,1154,NA,3.75603722395361
BL-E 1-3,East,-5.047888889,119.3311111,D,Sediment,2.18,4.686,0.422,7.419,5.012,13.433,0.11,4.45,1988,1998,2987,NA,5.27241812054442
BL-S A-1,South,-5.051458333,119.3283333,A,Sediment,2.174,6.634,0.507,10.011,5.718,56.331,0.117,9.138,1717,1717,2575.5,NA,7.37981752101411
BL-S A-2,South,-5.051458333,119.3283333,A,Sediment,2.235,6.751,0.446,9.314,9.684,47.772,0.122,8.121,1440,1447,2163.5,NA,7.34414497644468
BL-S A-3,South,-5.051458333,119.3283333,A,Sediment,2.149,6.499,0.587,9.156,9.211,54.692,0.128,8.517,3639,3652,5465,NA,8.47388741878959
BL-S B-1,South,-5.051527778,119.3282639,B,Sediment,2.866,8.375,0.465,9.249,17.025,42.388,0.13,10.884,1479,1481.5,2219.75,NA,8.50958348510592
BL-S B-2,South,-5.051527778,119.3282639,B,Sediment,2.146,5.641,0.293,7.586,0.704,3.522,0.079,1.732,1429,1449,2153.5,NA,2.99958314550536
BL-S B-3,South,-5.051527778,119.3282639,B,Sediment,2.709,8.233,0.426,8.291,15.861,38.214,0.111,11.685,1573.5,1600.5,2373.8,NA,8.08128409844344
BL-S B-1 EA,South,-5.051527778,119.3282639,B,Enhalus acoroides,0.121,0.841,0.454,2.008,8.184,55.976,0.075,3.92,376,370,561,148,3.99571065386931
BL-S B-2 EA,South,-5.051527778,119.3282639,B,Enhalus acoroides,0.185,1,0.507,1.524,10.37,72.023,0.073,4.634,342,349,516.5,141,4.38528975789028
BL-S B-3 EA,South,-5.051527778,119.3282639,B,Enhalus acoroides,0.187,0.734,0.571,2.029,8.417,63.502,0.111,3.641,284,287,427.5,122.44,4.22163192115881
BL-S B-4 EA,South,-5.051527778,119.3282639,B,Enhalus acoroides,0.259,0.996,0.524,1.101,12.377,65.206,0.1,4.326,308.2475101,311.3661652,463.9305927,158.9627555,4.55346032482479
BL-S B-5 EA,South,-5.051527778,119.3282639,B,Enhalus acoroides,0.229,1.059,0.585,2.029,10.325,67.988,0.087,5.587,479,480,719,221.51,5.24120544232209
BL-S B-6 EA,South,-5.051527778,119.3282639,B,Enhalus acoroides,0.288,4.806,0.878,3.294,12.663,78.821,0.564,9.505,420,422,631,154.29,8.54903563929775
BL-S B-1 TH,South,-5.051527778,119.3282639,B,Thalassia hemprichii,0.169,0.857,0.553,3.992,10.796,49.437,0.37,6.277,297,301,447.5,136.94,5.47693439841056
BL-S B-2 TH,South,-5.051527778,119.3282639,B,Thalassia hemprichii,0.208,0.846,0.607,3.368,12.943,50.593,0.077,3.658,233,236,351,106,4.35759361943616
BL-S B-3 TH,South,-5.051527778,119.3282639,B,Thalassia hemprichii,0.169,0.718,0.515,3.077,9.832,40.101,0.324,5.012,235,234,352,110.88,4.65767831016386
BL-S B-4 TH,South,-5.051527778,119.3282639,B,Thalassia hemprichii,0.161,1.016,0.441,3.869,4.738,42.316,0.488,4.102,269,273,405.5,156.4,4.8433958501515
BL-S B-5 TH,South,-5.051527778,119.3282639,B,Thalassia hemprichii,0.162,0.585,0.404,2.936,8.74,43.969,0.281,4.641,240,242,361,106.34,4.3003005177544
BL-S B-6 TH,South,-5.051527778,119.3282639,B,Thalassia hemprichii,0.049,0.595,0.532,3.202,9.178,45.056,0.055,3.447,267,269,401.5,110,3.33843473194165
BL-S C-1,South,-5.051597222,119.3281944,C,Sediment,3.225,8.026,0.415,9.707,4.316,10.506,0.1,3.131,1084,1063,1615.5,NA,5.11377018813636
BL-S C-2,South,-5.051597222,119.3281944,C,Sediment,2.686,7.014,0.347,9.387,4.035,11.65,0.115,4.981,1222.5,1217.5,1831.3,NA,5.24922882737321
BL-S C-3,South,-5.051597222,119.3281944,C,Sediment,1.893,5.616,0.319,6.479,4.359,10.838,0.098,4.129,1053.5,1039,1573,NA,4.43269661507675
BL-S C-1 EA,South,-5.051597222,119.3281944,C,Enhalus acoroides,0.244,1.489,0.599,1.754,7.85,42.083,0.136,1.764,189,194,286,94,3.89964313888237
BL-S C-2 EA,South,-5.051597222,119.3281944,C,Enhalus acoroides,0.181,0.72,0.26,1.326,4.101,31.168,0.057,1.462,245,242,366,171,2.80312591954079
BL-S C-3 EA,South,-5.051597222,119.3281944,C,Enhalus acoroides,0.18,0.956,0.504,1.435,6.168,57.216,0.097,1.596,190,192,286,112,3.41826979127478
BL-S C-4 EA,South,-5.051597222,119.3281944,C,Enhalus acoroides,0.188,0.836,0.445,2.016,6.118,70.556,0.434,4.581,258,257,386.5,181.24,4.92970766712408
BL-S C-5 EA,South,-5.051597222,119.3281944,C,Enhalus acoroides,0.171,0.883,0.43,1.482,7.29,107.356,0.119,1.628,179,187,272.5,113,3.67491555105967
BL-S C-6 EA,South,-5.051597222,119.3281944,C,Enhalus acoroides,0.23,0.679,0.349,1.077,6.937,62.949,0.177,1.429,176,185,268.5,120,3.40402726656282
BL-S C-1 TH,South,-5.051597222,119.3281944,C,Thalassia hemprichii,0.149,0.616,0.455,2.761,7.099,38.142,0.053,1.803,160,162,241,61,2.91210070562658
BL-S C-2 TH,South,-5.051597222,119.3281944,C,Thalassia hemprichii,0.128,0.508,0.377,2.799,6.216,33.213,0.065,1.463,150,151,225.5,58.13,2.65885197284218
BL-S C-3 TH,South,-5.051597222,119.3281944,C,Thalassia hemprichii,0.175,0.738,0.388,2.673,7.099,39.175,0.096,2.518,196,200,296,93,3.46276715468309
BL-S C-4 TH,South,-5.051597222,119.3281944,C,Thalassia hemprichii,0.145,0.54,0.333,3.051,6.276,28.027,0.318,3.611,159,164,241,70.93,3.49849241163676
BL-S C-5 TH,South,-5.051597222,119.3281944,C,Thalassia hemprichii,0.086,0.575,0.421,2.464,6.404,35.176,0.072,1.958,173,177,261.5,76,2.82502134815948
BL-S C-6 TH,South,-5.051597222,119.3281944,C,Thalassia hemprichii,0.112,0.706,0.431,2.613,6.296,32.342,0.08,1.836,148,150,223,68,2.88818324045307
BL-S 1-1 EA,South,-5.051875,119.3278611,D1,Enhalus acoroides,0.149,0.945,0.327,1.491,5.975,83.737,0.091,0.684,124,124,186,58,2.73082406407434
BL-S 1-2 EA,South,-5.051875,119.3278611,D1,Enhalus acoroides,0.186,1.213,0.363,1.587,5.041,59.387,0.071,0.999,164,166,247,103,3.05240628858162
BL-S 1-3 EA,South,-5.051875,119.3278611,D1,Enhalus acoroides,0.202,0.813,0.318,1.289,7.201,54.608,0.102,0.989,185,194,282,107,3.09471057072717
BL-S 1-4 EA,South,-5.051875,119.3278611,D1,Enhalus acoroides,0.168,0.72,0.198,1.264,3.676,33.949,0.057,0.688,190,186,283,144,2.38828898305719
BL-S 1-5 EA,South,-5.051875,119.3278611,D1,Enhalus acoroides,0.161,0.629,0.34,1.627,4.271,46.509,0.367,3.184,178,178,267,102.06,3.58873633092822
BL-S 1-6 EA,South,-5.051875,119.3278611,D1,Enhalus acoroides,0.194,0.623,0.257,1.336,3.84,31.586,0.062,0.884,185,179,274.5,117,2.48166261230879
BL-S 1-1 TH,South,-5.051875,119.3278611,D1,Thalassia hemprichii,0.127,0.711,0.237,3.222,3.266,27.839,0.067,0.968,172,167,255.5,71,2.43658542942924
BL-S 1-2 TH,South,-5.051875,119.3278611,D1,Thalassia hemprichii,0.151,0.908,0.478,3.857,5.353,50.398,0.084,1.232,141,142,212,52,3.08388381389617
BL-S 1-3 TH,South,-5.051875,119.3278611,D1,Thalassia hemprichii,0.111,0.629,0.336,2.923,3.926,34.892,0.055,0.834,116,117,174.5,37,2.21021426285829
BL-S 1-4 TH,South,-5.051875,119.3278611,D1,Thalassia hemprichii,0.115,0.617,0.321,3.187,3.653,32.441,0.066,1.046,128,131,193.5,51.8,2.38489924151477
BL-S 1-5 TH,South,-5.051875,119.3278611,D1,Thalassia hemprichii,0.133,1.169,0.399,2.508,3.878,34.952,0.089,1.358,159,162,240,77,2.93294430462054
BL-S 1-6 TH,South,-5.051875,119.3278611,D1,Thalassia hemprichii,0.103,0.79,0.329,3.18,4.672,48.237,0.103,1.69,163,164,245,80,3.03106357707462
BL-S 1-1,South,-5.051944444,119.328,D2,Sediment,2.301,6.017,0.332,8.693,0.768,3.087,0.106,1.323,571,569,855.5,NA,2.82241508831798
BL-S 2-1,South,-5.053194444,119.3280556,E,Sediment,1.707,4.506,0.299,6.686,1.796,2.727,0.076,1.057,687.5,688,1031.5,NA,2.64052432328087
BL-S 2-2,South,-5.053194444,119.3280556,E,Sediment,1.195,3.905,0.282,8.618,1.612,1.976,0.087,0.97,467.5,476.5,705.8,NA,2.34587175302257
BL-S 2-3,South,-5.053194444,119.3280556,E,Sediment,1.44,4.248,0.236,5.837,1.104,2.143,0.089,1.328,639,644.5,961.25,NA,2.35930957692364
BL-S 2-1 EA,South,-5.053194444,119.3280556,E,Enhalus acoroides,0.031,0.356,0.266,1.767,3.521,66.075,0.146,0.404,105,108,159,28.33,1.7807423998069
BL-S 2-2 EA,South,-5.053194444,119.3280556,E,Enhalus acoroides,0.113,0.622,0.239,1.321,2.459,47.276,0.123,0.262,107,106,160,39,1.86851237800512
BL-S 2-3 EA,South,-5.053194444,119.3280556,E,Enhalus acoroides,0.068,0.388,0.168,1.591,2.773,66.812,0.107,0.27,116,120,176,30.84,1.70274613071099
BL-S 2-4 EA,South,-5.053194444,119.3280556,E,Enhalus acoroides,0.049,0.639,0.24,1.593,2.509,52.497,0.123,0.312,134,131,199.5,48.8,1.89242271820189
BL-S 2-5 EA,South,-5.053194444,119.3280556,E,Enhalus acoroides,0.159,0.82,0.144,1.199,2.121,29.186,0.417,2.594,113,117,171.5,45.22,2.55141356836286
BL-S 2-6 EA,South,-5.053194444,119.3280556,E,Enhalus acoroides,0.071,0.541,0.25,1.733,2.871,31.432,0.13,0.229,116,112,172,31.62,1.73215540793002
BL-S 2-1 TH,South,-5.053194444,119.3280556,E,Thalassia hemprichii,0.079,0.473,0.25,2.503,2.386,44.462,0.121,0.331,99,98,148,22,1.78231568242604
BL-S 2-2 TH,South,-5.053194444,119.3280556,E,Thalassia hemprichii,0.133,0.482,0.177,2.004,1.818,22.058,0.098,0.323,95,96,143,29.38,1.61575165745135
BL-S 2-3 TH,South,-5.053194444,119.3280556,E,Thalassia hemprichii,0.01,0.485,0.233,2.548,2.526,34.982,0.117,0.391,118,123,179.5,30.57,1.51540863495148
BL-S 2-4 TH,South,-5.053194444,119.3280556,E,Thalassia hemprichii,0.069,0.51,0.229,2.133,2.36,33.816,0.139,0.271,107,104,159,19,1.65707233156789
BL-S 2-5 TH,South,-5.053194444,119.3280556,E,Thalassia hemprichii,0.018,0.404,0.258,2.535,2.935,27.801,0.109,0.389,121,122,182,30.25,1.56931199016318
BL-S 2-6 TH,South,-5.053194444,119.3280556,E,Thalassia hemprichii,0.05,0.486,0.245,2.435,2.097,27.123,0.087,0.437,132,135,199.5,43.09,1.75005926513745
BL-S 3-1 EA,South,-5.054305556,119.3279167,F1,Enhalus acoroides,0.127,0.662,0.239,1.653,2.213,41.382,0.16,0.238,81,80,121,28,1.81709054946009
BL-S 3-2 EA,South,-5.054305556,119.3279167,F1,Enhalus acoroides,0.094,0.719,0.222,1.958,2.307,43.436,0.17,0.518,103,107,156.5,38.32,2.08527739235839
BL-S 3-3 EA,South,-5.054305556,119.3279167,F1,Enhalus acoroides,0.129,0.563,0.204,3.547,2.784,47.728,0.171,0.456,134,136,202,73,2.45734826675136
BL-S 3-4 EA,South,-5.054305556,119.3279167,F1,Enhalus acoroides,0.08,0.756,0.211,1.97,1.969,29.148,0.41,0.569,98,96,146,43,2.15027119691758
BL-S 3-5 EA,South,-5.054305556,119.3279167,F1,Enhalus acoroides,0.1,0.447,0.18,1.588,2.893,38.72,0.149,0.24,112,110,167,43,1.80521808016125
BL-S 3-6 EA,South,-5.054305556,119.3279167,F1,Enhalus acoroides,0.129,0.558,0.181,1.517,1.962,30.987,0.129,0.481,122,126,185,73,1.99663921915825
BL-S 3-1 TH,South,-5.054305556,119.3279167,F1,Thalassia hemprichii,0.024,0.287,0.307,2.511,1.718,44.283,0.153,0.421,102,105,154.5,21.37,1.56100572328513
BL-S 3-2 TH,South,-5.054305556,119.3279167,F1,Thalassia hemprichii,0.005,0.405,0.215,2.376,1.902,24.646,0.169,0.306,112,114,169,33.67,1.30448918612102
BL-S 3-3 TH,South,-5.054305556,119.3279167,F1,Thalassia hemprichii,0.008,0.443,0.235,2.9,1.735,22.147,0.179,0.296,93,96,141,28.99,1.34995285848028
BL-S 3-4 TH,South,-5.054305556,119.3279167,F1,Thalassia hemprichii,0.096,0.486,0.19,2.445,1.726,23.48,0.146,0.248,86,90,131,27.12,1.60436964635076
BL-S 3-5 TH,South,-5.054305556,119.3279167,F1,Thalassia hemprichii,0.092,0.436,0.25,2.711,1.672,21.123,0.168,0.272,109,108,163,43,1.77331952587308
BL-S 3-6 TH,South,-5.054305556,119.3279167,F1,Thalassia hemprichii,0.093,0.288,0.214,2.357,2.048,21.92,0.168,0.188,84,87,127.5,17,1.4515251101038
BL-S 3-1,South,-5.054166667,119.3280556,F2,Sediment,1.922,4.549,0.331,9.694,0.119,1.05,0.127,0.453,370,369,554.5,NA,1.68894521565685
BL-S 3-2,South,-5.054166667,119.3280556,F2,Sediment,1.944,4.038,0.309,9.066,0.119,1.42,0.095,0.502,366,378,555,NA,1.66502736510825
BL-W A-1,West,-5.047291667,119.3275,A,Sediment,1.904,7.112,0.998,11.373,14.292,173.989,0.127,14.571,6067,6047,9090.5,NA,12.2968973273836
BL-W A-2,West,-5.047291667,119.3275,A,Sediment,1.994,15.795,2.603,18.139,60.274,112.285,0.177,13.853,18672,18962,28153,NA,20.6899016234027
BL-W B-1,West,-5.047222222,119.3273611,B,Sediment,2.451,8.543,0.474,9.673,14.651,34.165,0.14,6.6,1296,1285,1938.5,NA,7.61470883675726
BL-W B-3,West,-5.047222222,119.3273611,B,Sediment,2.589,7.899,0.548,10.133,24.633,73.858,0.161,9.899,2118,2136,3186,NA,10.0533586551933
BL-W 1-3,West,-5.047083333,119.3269444,D,Sediment,2.165,6.016,0.336,9.404,1.155,2.517,0.086,0.959,481,472,717,NA,2.67760530624245
BL-W 2-2,West,-5.046805556,119.3259722,E,Sediment,2.23,5.963,0.326,9.502,0.061,1.173,0.078,0.515,380,391,575.5,NA,1.59848508917558
BL-W 3-1,West,-5.04625,119.3244444,F,Sediment,2.43,6.099,0.323,9.415,0.134,1.487,0.095,0.611,465.5,475,703,NA,1.92704349827475
BL-W 3-2,West,-5.04625,119.3244444,F,Sediment,1.872,5.004,0.282,7.031,0.746,1.032,0.116,0.737,523.5,532,789.5,NA,2.14595499533834
BL-W 3-3,West,-5.04625,119.3244444,F,Sediment,1.947,5.118,0.303,7.373,0.817,1.219,0.108,0.74,531.5,539.5,801.3,NA,2.23998292798717